event_id,event_type,event_timestamp,order_id,client_order_id,client_name,ticker,side,fill_id,fill_quantity,fill_price,fill_venue,total_ordered,total_filled,total_remaining,fill_percentage,average_price,fill_number,total_fills,is_complete
FILL_0001,Fill,2025-08-12T09:02:00.126000,ORD_1754985600_7487,CLIENT_802322,Blackrock Asset Management,ASML.AS,Buy,FILL_SOR_ALGO_ORD_1754985600_7487_0001_ARCA_02,70,650.1415926303205,ARCA,100000,70,99930,0.07,650.1416,1,256,False
FILL_0002,Fill,2025-08-12T09:02:00.144000,ORD_1754985600_7487,CLIENT_802322,Blackrock Asset Management,ASML.AS,Buy,FILL_SOR_ALGO_ORD_1754985600_7487_0001_IEX_00,32,650.3941663175606,IEX,100000,102,99898,0.1,650.2208,2,256,False
FILL_0003,Fill,2025-08-12T09:02:00.636000,ORD_1754985600_7487,CLIENT_802322,Blackrock Asset Management,ASML.AS,Buy,FILL_SOR_ALGO_ORD_1754985600_7487_0001_BATS_00,167,650.576227631305,BATS,100000,269,99731,0.27,650.4415,3,256,False
FILL_0004,Fill,2025-08-12T09:02:00.659000,ORD_1754985600_7487,CLIENT_802322,Blackrock Asset Management,ASML.AS,Buy,FILL_SOR_ALGO_ORD_1754985600_7487_0001_ARCA_00,68,650.159003527021,ARCA,100000,337,99663,0.34,650.3845,4,256,False
FILL_0005,Fill,2025-08-12T09:02:00.979000,ORD_1754985600_7487,CLIENT_802322,Blackrock Asset Management,ASML.AS,Buy,FILL_SOR_ALGO_ORD_1754985600_7487_0001_ARCA_01,68,650.1483383897067,ARCA,100000,405,99595,0.4,650.3448,5,256,False
FILL_0006,Fill,2025-08-12T09:02:00.983000,ORD_1754985600_7487,CLIENT_802322,Blackrock Asset Management,ASML.AS,Buy,FILL_SOR_ALGO_ORD_1754985600_7487_0001_IEX_01,33,650.3946371705953,IEX,100000,438,99562,0.44,650.3486,6,256,False
FILL_0007,Fill,2025-08-12T09:10:00.128000,ORD_1754985600_7487,CLIENT_802322,Blackrock Asset Management,ASML.AS,Buy,FILL_SOR_ALGO_ORD_1754985600_7487_0005_NASDAQ_00,160,649.7909564806466,NASDAQ,100000,598,99402,0.6,650.1994,7,256,False
FILL_0008,Fill,2025-08-12T09:10:00.741000,ORD_1754985600_7487,CLIENT_802322,Blackrock Asset Management,ASML.AS,Buy,FILL_SOR_ALGO_ORD_1754985600_7487_0005_NASDAQ_01,160,649.7994351628507,NASDAQ,100000,758,99242,0.76,650.115,8,256,False
FILL_0009,Fill,2025-08-12T09:17:00.134000,ORD_1754985600_7487,CLIENT_802322,Blackrock Asset Management,ASML.AS,Buy,FILL_SOR_ALGO_ORD_1754985600_7487_0007_IEX_00,33,651.4245498722056,IEX,100000,791,99209,0.79,650.1696,9,256,False
FILL_0010,Fill,2025-08-12T09:17:00.297000,ORD_1754985600_7487,CLIENT_802322,Blackrock Asset Management,ASML.AS,Buy,FILL_SOR_ALGO_ORD_1754985600_7487_0007_IEX_02,33,651.4295899640751,IEX,100000,824,99176,0.82,650.2201,10,256,False
FILL_0011,Fill,2025-08-12T09:17:00.298000,ORD_1754985600_7487,CLIENT_802322,Blackrock Asset Management,ASML.AS,Buy,FILL_SOR_ALGO_ORD_1754985600_7487_0007_DarkPool_01,73,650.2893462676977,DarkPool,100000,897,99103,0.9,650.2257,11,256,False
FILL_0012,Fill,2025-08-12T09:17:00.692000,ORD_1754985600_7487,CLIENT_802322,Blackrock Asset Management,ASML.AS,Buy,FILL_SOR_ALGO_ORD_1754985600_7487_0007_IEX_01,33,651.4206766764145,IEX,100000,930,99070,0.93,650.2681,12,256,False
FILL_0013,Fill,2025-08-12T09:17:00.902000,ORD_1754985600_7487,CLIENT_802322,Blackrock Asset Management,ASML.AS,Buy,FILL_SOR_ALGO_ORD_1754985600_7487_0007_DarkPool_00,73,650.2726063466246,DarkPool,100000,1003,98997,1.0,650.2684,13,256,False
FILL_0014,Fill,2025-08-12T09:21:00.389000,ORD_1754985600_7487,CLIENT_802322,Blackrock Asset Management,ASML.AS,Buy,FILL_SOR_ALGO_ORD_1754985600_7487_0010_NYSE_00,173,650.2964772442828,NYSE,100000,1176,98824,1.18,650.2726,14,256,False
FILL_0015,Fill,2025-08-12T09:21:00.426000,ORD_1754985600_7487,CLIENT_802322,Blackrock Asset Management,ASML.AS,Buy,FILL_SOR_ALGO_ORD_1754985600_7487_0010_NYSE_02,173,650.2813083769247,NYSE,100000,1349,98651,1.35,650.2737,15,256,False
FILL_0016,Fill,2025-08-12T09:21:00.438000,ORD_1754985600_7487,CLIENT_802322,Blackrock Asset Management,ASML.AS,Buy,FILL_SOR_ALGO_ORD_1754985600_7487_0010_IEX_02,28,650.2899857840202,IEX,100000,1377,98623,1.38,650.274,16,256,False
FILL_0017,Fill,2025-08-12T09:21:00.506000,ORD_1754985600_7487,CLIENT_802322,Blackrock Asset Management,ASML.AS,Buy,FILL_SOR_ALGO_ORD_1754985600_7487_0010_IEX_00,28,650.2931000296741,IEX,100000,1405,98595,1.41,650.2744,17,256,False
FILL_0018,Fill,2025-08-12T09:21:00.537000,ORD_1754985600_7487,CLIENT_802322,Blackrock Asset Management,ASML.AS,Buy,FILL_SOR_ALGO_ORD_1754985600_7487_0010_IEX_01,28,650.2839682645179,IEX,100000,1433,98567,1.43,650.2746,18,256,False
FILL_0019,Fill,2025-08-12T09:21:00.799000,ORD_1754985600_7487,CLIENT_802322,Blackrock Asset Management,ASML.AS,Buy,FILL_SOR_ALGO_ORD_1754985600_7487_0010_NYSE_01,173,650.2838991260178,NYSE,100000,1606,98394,1.61,650.2756,19,256,False
FILL_0020,Fill,2025-08-12T09:21:00.870000,ORD_1754985600_7487,CLIENT_802322,Blackrock Asset Management,ASML.AS,Buy,FILL_SOR_ALGO_ORD_1754985600_7487_0010_NASDAQ_00,402,649.7068096003882,NASDAQ,100000,2008,97992,2.01,650.1617,20,256,False
FILL_0021,Fill,2025-08-12T09:32:00.730000,ORD_1754985600_7487,CLIENT_802322,Blackrock Asset Management,ASML.AS,Buy,FILL_SOR_ALGO_ORD_1754985600_7487_0014_NASDAQ_00,98,648.5224284982894,NASDAQ,100000,2106,97894,2.11,650.0854,21,256,False
FILL_0022,Fill,2025-08-12T09:32:00.801000,ORD_1754985600_7487,CLIENT_802322,Blackrock Asset Management,ASML.AS,Buy,FILL_SOR_ALGO_ORD_1754985600_7487_0014_NASDAQ_01,98,648.5120085294599,NASDAQ,100000,2204,97796,2.2,650.0155,22,256,False
FILL_0023,Fill,2025-08-12T09:32:00.984000,ORD_1754985600_7487,CLIENT_802322,Blackrock Asset Management,ASML.AS,Buy,FILL_SOR_ALGO_ORD_1754985600_7487_0014_NASDAQ_02,99,648.5185127271418,NASDAQ,100000,2303,97697,2.3,649.9511,23,256,False
FILL_0024,Fill,2025-08-12T09:36:00.557000,ORD_1754985600_7487,CLIENT_802322,Blackrock Asset Management,ASML.AS,Buy,FILL_SOR_ALGO_ORD_1754985600_7487_0016_BATS_00,58,651.0642576273854,BATS,100000,2361,97639,2.36,649.9785,24,256,False
FILL_0025,Fill,2025-08-12T09:36:00.783000,ORD_1754985600_7487,CLIENT_802322,Blackrock Asset Management,ASML.AS,Buy,FILL_SOR_ALGO_ORD_1754985600_7487_0016_BATS_01,58,651.0709755867771,BATS,100000,2419,97581,2.42,650.0047,25,256,False
FILL_0026,Fill,2025-08-12T09:42:00.265000,ORD_1754985600_7487,CLIENT_802322,Blackrock Asset Management,ASML.AS,Buy,FILL_SOR_ALGO_ORD_1754985600_7487_0018_IEX_00,46,649.5339544811083,IEX,100000,2465,97535,2.46,649.9959,26,256,False
FILL_0027,Fill,2025-08-12T09:42:00.267000,ORD_1754985600_7487,CLIENT_802322,Blackrock Asset Management,ASML.AS,Buy,FILL_SOR_ALGO_ORD_1754985600_7487_0018_NYSE_01,188,650.1630434877021,NYSE,100000,2653,97347,2.65,650.0077,27,256,False
FILL_0028,Fill,2025-08-12T09:42:00.472000,ORD_1754985600_7487,CLIENT_802322,Blackrock Asset Management,ASML.AS,Buy,FILL_SOR_ALGO_ORD_1754985600_7487_0018_NYSE_02,190,650.1685506024878,NYSE,100000,2843,97157,2.84,650.0185,28,256,False
FILL_0029,Fill,2025-08-12T09:42:00.517000,ORD_1754985600_7487,CLIENT_802322,Blackrock Asset Management,ASML.AS,Buy,FILL_SOR_ALGO_ORD_1754985600_7487_0018_NYSE_00,188,650.1509877619214,NYSE,100000,3031,96969,3.03,650.0267,29,256,False
FILL_0030,Fill,2025-08-12T09:49:00.426000,ORD_1754985600_7487,CLIENT_802322,Blackrock Asset Management,ASML.AS,Buy,FILL_SOR_ALGO_ORD_1754985600_7487_0021_DarkPool_00,140,646.6629076318657,DarkPool,100000,3171,96829,3.17,649.8782,30,256,False
FILL_0031,Fill,2025-08-12T10:02:00.377000,ORD_1754985600_7487,CLIENT_802322,Blackrock Asset Management,ASML.AS,Buy,FILL_SOR_ALGO_ORD_1754985600_7487_0023_NASDAQ_00,416,651.8734311871776,NASDAQ,100000,3587,96413,3.59,650.1096,31,256,False
FILL_0032,Fill,2025-08-12T10:02:00.622000,ORD_1754985600_7487,CLIENT_802322,Blackrock Asset Management,ASML.AS,Buy,FILL_SOR_ALGO_ORD_1754985600_7487_0023_NYSE_01,305,650.1674558363583,NYSE,100000,3892,96108,3.89,650.1141,32,256,False
FILL_0033,Fill,2025-08-12T10:02:00.796000,ORD_1754985600_7487,CLIENT_802322,Blackrock Asset Management,ASML.AS,Buy,FILL_SOR_ALGO_ORD_1754985600_7487_0023_ARCA_00,372,650.6458028804337,ARCA,100000,4264,95736,4.26,650.1605,33,256,False
FILL_0034,Fill,2025-08-12T10:02:00.895000,ORD_1754985600_7487,CLIENT_802322,Blackrock Asset Management,ASML.AS,Buy,FILL_SOR_ALGO_ORD_1754985600_7487_0023_NYSE_00,304,650.1610426067491,NYSE,100000,4568,95432,4.57,650.1605,34,256,False
FILL_0035,Fill,2025-08-12T10:17:00.106000,ORD_1754985600_7487,CLIENT_802322,Blackrock Asset Management,ASML.AS,Buy,FILL_SOR_ALGO_ORD_1754985600_7487_0027_DarkPool_00,78,650.414657979516,DarkPool,100000,4646,95354,4.65,650.1648,35,256,False
FILL_0036,Fill,2025-08-12T10:17:00.283000,ORD_1754985600_7487,CLIENT_802322,Blackrock Asset Management,ASML.AS,Buy,FILL_SOR_ALGO_ORD_1754985600_7487_0027_ARCA_01,185,647.5710981817706,ARCA,100000,4831,95169,4.83,650.0655,36,256,False
FILL_0037,Fill,2025-08-12T10:17:00.787000,ORD_1754985600_7487,CLIENT_802322,Blackrock Asset Management,ASML.AS,Buy,FILL_SOR_ALGO_ORD_1754985600_7487_0027_NASDAQ_00,381,647.0853546271526,NASDAQ,100000,5212,94788,5.21,649.8476,37,256,False
FILL_0038,Fill,2025-08-12T10:17:00.909000,ORD_1754985600_7487,CLIENT_802322,Blackrock Asset Management,ASML.AS,Buy,FILL_SOR_ALGO_ORD_1754985600_7487_0027_DarkPool_01,78,650.4177296905332,DarkPool,100000,5290,94710,5.29,649.856,38,256,False
FILL_0039,Fill,2025-08-12T10:17:00.933000,ORD_1754985600_7487,CLIENT_802322,Blackrock Asset Management,ASML.AS,Buy,FILL_SOR_ALGO_ORD_1754985600_7487_0027_ARCA_00,185,647.5747400043465,ARCA,100000,5475,94525,5.47,649.7789,39,256,False
FILL_0040,Fill,2025-08-12T10:34:00.184000,ORD_1754985600_7487,CLIENT_802322,Blackrock Asset Management,ASML.AS,Buy,FILL_SOR_ALGO_ORD_1754985600_7487_0031_ARCA_00,107,650.3291195769195,ARCA,100000,5582,94418,5.58,649.7895,40,256,False
FILL_0041,Fill,2025-08-12T10:34:00.354000,ORD_1754985600_7487,CLIENT_802322,Blackrock Asset Management,ASML.AS,Buy,FILL_SOR_ALGO_ORD_1754985600_7487_0031_ARCA_01,107,650.3364780331252,ARCA,100000,5689,94311,5.69,649.7998,41,256,False
FILL_0042,Fill,2025-08-12T10:34:00.615000,ORD_1754985600_7487,CLIENT_802322,Blackrock Asset Management,ASML.AS,Buy,FILL_SOR_ALGO_ORD_1754985600_7487_0031_NYSE_00,576,650.5352831862408,NYSE,100000,6265,93735,6.26,649.8674,42,256,False
FILL_0043,Fill,2025-08-12T10:34:00.832000,ORD_1754985600_7487,CLIENT_802322,Blackrock Asset Management,ASML.AS,Buy,FILL_SOR_ALGO_ORD_1754985600_7487_0031_DarkPool_00,242,648.8529144270653,DarkPool,100000,6507,93493,6.51,649.8297,43,256,False
FILL_0044,Fill,2025-08-12T10:34:00.898000,ORD_1754985600_7487,CLIENT_802322,Blackrock Asset Management,ASML.AS,Buy,FILL_SOR_ALGO_ORD_1754985600_7487_0031_ARCA_02,109,650.325987766009,ARCA,100000,6616,93384,6.62,649.8379,44,256,False
FILL_0045,Fill,2025-08-12T10:45:00.330000,ORD_1754985600_7487,CLIENT_802322,Blackrock Asset Management,ASML.AS,Buy,FILL_SOR_ALGO_ORD_1754985600_7487_0035_NASDAQ_00,223,649.5200958018354,NASDAQ,100000,6839,93161,6.84,649.8275,45,256,False
FILL_0046,Fill,2025-08-12T10:45:00.571000,ORD_1754985600_7487,CLIENT_802322,Blackrock Asset Management,ASML.AS,Buy,FILL_SOR_ALGO_ORD_1754985600_7487_0035_NYSE_00,246,648.6227942164433,NYSE,100000,7085,92915,7.08,649.7857,46,256,False
FILL_0047,Fill,2025-08-12T10:45:00.612000,ORD_1754985600_7487,CLIENT_802322,Blackrock Asset Management,ASML.AS,Buy,FILL_SOR_ALGO_ORD_1754985600_7487_0035_NYSE_02,248,648.6292577344562,NYSE,100000,7333,92667,7.33,649.7466,47,256,False
FILL_0048,Fill,2025-08-12T10:45:00.787000,ORD_1754985600_7487,CLIENT_802322,Blackrock Asset Management,ASML.AS,Buy,FILL_SOR_ALGO_ORD_1754985600_7487_0035_NYSE_01,246,648.617170619693,NYSE,100000,7579,92421,7.58,649.7099,48,256,False
FILL_0049,Fill,2025-08-12T10:45:00.792000,ORD_1754985600_7487,CLIENT_802322,Blackrock Asset Management,ASML.AS,Buy,FILL_SOR_ALGO_ORD_1754985600_7487_0035_NASDAQ_01,223,649.5335517466416,NASDAQ,100000,7802,92198,7.8,649.7049,49,256,False
FILL_0050,Fill,2025-08-12T10:45:00.819000,ORD_1754985600_7487,CLIENT_802322,Blackrock Asset Management,ASML.AS,Buy,FILL_SOR_ALGO_ORD_1754985600_7487_0035_NASDAQ_02,223,649.5293192104194,NASDAQ,100000,8025,91975,8.03,649.7,50,256,False
FILL_0051,Fill,2025-08-12T11:05:00.300000,ORD_1754985600_7487,CLIENT_802322,Blackrock Asset Management,ASML.AS,Buy,FILL_SOR_ALGO_ORD_1754985600_7487_0038_DarkPool_01,54,650.5246615067866,DarkPool,100000,8079,91921,8.08,649.7055,51,256,False
FILL_0052,Fill,2025-08-12T11:05:00.537000,ORD_1754985600_7487,CLIENT_802322,Blackrock Asset Management,ASML.AS,Buy,FILL_SOR_ALGO_ORD_1754985600_7487_0038_NASDAQ_00,89,651.1461237314528,NASDAQ,100000,8168,91832,8.17,649.7212,52,256,False
FILL_0053,Fill,2025-08-12T11:05:00.621000,ORD_1754985600_7487,CLIENT_802322,Blackrock Asset Management,ASML.AS,Buy,FILL_SOR_ALGO_ORD_1754985600_7487_0038_NASDAQ_02,90,651.1341798233805,NASDAQ,100000,8258,91742,8.26,649.7366,53,256,False
FILL_0054,Fill,2025-08-12T11:05:00.802000,ORD_1754985600_7487,CLIENT_802322,Blackrock Asset Management,ASML.AS,Buy,FILL_SOR_ALGO_ORD_1754985600_7487_0038_NASDAQ_01,89,651.1462631715058,NASDAQ,100000,8347,91653,8.35,649.7516,54,256,False
FILL_0055,Fill,2025-08-12T11:05:00.905000,ORD_1754985600_7487,CLIENT_802322,Blackrock Asset Management,ASML.AS,Buy,FILL_SOR_ALGO_ORD_1754985600_7487_0038_DarkPool_00,54,650.5359126794792,DarkPool,100000,8401,91599,8.4,649.7567,55,256,False
FILL_0056,Fill,2025-08-12T11:10:00.301000,ORD_1754985600_7487,CLIENT_802322,Blackrock Asset Management,ASML.AS,Buy,FILL_SOR_ALGO_ORD_1754985600_7487_0041_DarkPool_01,56,651.3701353085581,DarkPool,100000,8457,91543,8.46,649.7673,56,256,False
FILL_0057,Fill,2025-08-12T11:10:00.683000,ORD_1754985600_7487,CLIENT_802322,Blackrock Asset Management,ASML.AS,Buy,FILL_SOR_ALGO_ORD_1754985600_7487_0041_NYSE_00,155,648.9676270220186,NYSE,100000,8612,91388,8.61,649.7529,57,256,False
FILL_0058,Fill,2025-08-12T11:10:00.688000,ORD_1754985600_7487,CLIENT_802322,Blackrock Asset Management,ASML.AS,Buy,FILL_SOR_ALGO_ORD_1754985600_7487_0041_NYSE_01,155,648.9504379183942,NYSE,100000,8767,91233,8.77,649.7388,58,256,False
FILL_0059,Fill,2025-08-12T11:10:00.810000,ORD_1754985600_7487,CLIENT_802322,Blackrock Asset Management,ASML.AS,Buy,FILL_SOR_ALGO_ORD_1754985600_7487_0041_NYSE_02,156,648.9569796390109,NYSE,100000,8923,91077,8.92,649.7251,59,256,False
FILL_0060,Fill,2025-08-12T11:10:00.943000,ORD_1754985600_7487,CLIENT_802322,Blackrock Asset Management,ASML.AS,Buy,FILL_SOR_ALGO_ORD_1754985600_7487_0041_DarkPool_00,56,651.364704242042,DarkPool,100000,8979,91021,8.98,649.7353,60,256,False
FILL_0061,Fill,2025-08-12T11:21:00.228000,ORD_1754985600_7487,CLIENT_802322,Blackrock Asset Management,ASML.AS,Buy,FILL_SOR_ALGO_ORD_1754985600_7487_0044_NASDAQ_00,252,647.6518675367544,NASDAQ,100000,9231,90769,9.23,649.6784,61,256,False
FILL_0062,Fill,2025-08-12T11:21:00.347000,ORD_1754985600_7487,CLIENT_802322,Blackrock Asset Management,ASML.AS,Buy,FILL_SOR_ALGO_ORD_1754985600_7487_0044_NYSE_00,220,650.1802989879568,NYSE,100000,9451,90549,9.45,649.6901,62,256,False
FILL_0063,Fill,2025-08-12T11:21:00.569000,ORD_1754985600_7487,CLIENT_802322,Blackrock Asset Management,ASML.AS,Buy,FILL_SOR_ALGO_ORD_1754985600_7487_0044_NYSE_01,221,650.1918101558603,NYSE,100000,9672,90328,9.67,649.7016,63,256,False
FILL_0064,Fill,2025-08-12T11:32:00.499000,ORD_1754985600_7487,CLIENT_802322,Blackrock Asset Management,ASML.AS,Buy,FILL_SOR_ALGO_ORD_1754985600_7487_0047_IEX_00,44,650.6576817065833,IEX,100000,9716,90284,9.72,649.7059,64,256,False
FILL_0065,Fill,2025-08-12T11:32:00.554000,ORD_1754985600_7487,CLIENT_802322,Blackrock Asset Management,ASML.AS,Buy,FILL_SOR_ALGO_ORD_1754985600_7487_0047_IEX_01,44,650.6564741746104,IEX,100000,9760,90240,9.76,649.7102,65,256,False
FILL_0066,Fill,2025-08-12T11:45:00.205000,ORD_1754985600_7487,CLIENT_802322,Blackrock Asset Management,ASML.AS,Buy,FILL_SOR_ALGO_ORD_1754985600_7487_0049_NYSE_01,211,648.0891915267163,NYSE,100000,9971,90029,9.97,649.6759,66,256,False
FILL_0067,Fill,2025-08-12T11:45:00.212000,ORD_1754985600_7487,CLIENT_802322,Blackrock Asset Management,ASML.AS,Buy,FILL_SOR_ALGO_ORD_1754985600_7487_0049_BATS_01,30,648.8581276163762,BATS,100000,10001,89999,10.0,649.6734,67,256,False
FILL_0068,Fill,2025-08-12T11:45:00.645000,ORD_1754985600_7487,CLIENT_802322,Blackrock Asset Management,ASML.AS,Buy,FILL_SOR_ALGO_ORD_1754985600_7487_0049_BATS_00,30,648.844289048428,BATS,100000,10031,89969,10.03,649.671,68,256,False
FILL_0069,Fill,2025-08-12T11:45:00.679000,ORD_1754985600_7487,CLIENT_802322,Blackrock Asset Management,ASML.AS,Buy,FILL_SOR_ALGO_ORD_1754985600_7487_0049_BATS_02,32,648.8580893293766,BATS,100000,10063,89937,10.06,649.6684,69,256,False
FILL_0070,Fill,2025-08-12T11:45:00.845000,ORD_1754985600_7487,CLIENT_802322,Blackrock Asset Management,ASML.AS,Buy,FILL_SOR_ALGO_ORD_1754985600_7487_0049_NYSE_00,210,648.0709323742893,NYSE,100000,10273,89727,10.27,649.6357,70,256,False
FILL_0071,Fill,2025-08-12T11:45:00.973000,ORD_1754985600_7487,CLIENT_802322,Blackrock Asset Management,ASML.AS,Buy,FILL_SOR_ALGO_ORD_1754985600_7487_0049_ARCA_00,181,653.5262027726042,ARCA,100000,10454,89546,10.45,649.7031,71,256,False
FILL_0072,Fill,2025-08-12T11:54:00.195000,ORD_1754985600_7487,CLIENT_802322,Blackrock Asset Management,ASML.AS,Buy,FILL_SOR_ALGO_ORD_1754985600_7487_0053_NASDAQ_01,133,650.2012854012879,NASDAQ,100000,10587,89413,10.59,649.7093,72,256,False
FILL_0073,Fill,2025-08-12T11:54:00.239000,ORD_1754985600_7487,CLIENT_802322,Blackrock Asset Management,ASML.AS,Buy,FILL_SOR_ALGO_ORD_1754985600_7487_0053_IEX_00,30,649.5445066192042,IEX,100000,10617,89383,10.62,649.7089,73,256,False
FILL_0074,Fill,2025-08-12T11:54:00.271000,ORD_1754985600_7487,CLIENT_802322,Blackrock Asset Management,ASML.AS,Buy,FILL_SOR_ALGO_ORD_1754985600_7487_0053_BATS_00,58,650.5039484025987,BATS,100000,10675,89325,10.67,649.7132,74,256,False
FILL_0075,Fill,2025-08-12T11:54:00.363000,ORD_1754985600_7487,CLIENT_802322,Blackrock Asset Management,ASML.AS,Buy,FILL_SOR_ALGO_ORD_1754985600_7487_0053_NASDAQ_00,133,650.1931605180631,NASDAQ,100000,10808,89192,10.81,649.7191,75,256,False
FILL_0076,Fill,2025-08-12T11:54:00.408000,ORD_1754985600_7487,CLIENT_802322,Blackrock Asset Management,ASML.AS,Buy,FILL_SOR_ALGO_ORD_1754985600_7487_0053_IEX_01,30,649.5526214386435,IEX,100000,10838,89162,10.84,649.7186,76,256,False
FILL_0077,Fill,2025-08-12T11:54:00.480000,ORD_1754985600_7487,CLIENT_802322,Blackrock Asset Management,ASML.AS,Buy,FILL_SOR_ALGO_ORD_1754985600_7487_0053_BATS_01,58,650.4900659397052,BATS,100000,10896,89104,10.9,649.7228,77,256,False
FILL_0078,Fill,2025-08-12T11:54:00.911000,ORD_1754985600_7487,CLIENT_802322,Blackrock Asset Management,ASML.AS,Buy,FILL_SOR_ALGO_ORD_1754985600_7487_0053_NASDAQ_02,135,650.1904856675043,NASDAQ,100000,11031,88969,11.03,649.7285,78,256,False
FILL_0079,Fill,2025-08-12T12:04:00.104000,ORD_1754985600_7487,CLIENT_802322,Blackrock Asset Management,ASML.AS,Buy,FILL_SOR_ALGO_ORD_1754985600_7487_0057_ARCA_00,73,649.1501994123382,ARCA,100000,11104,88896,11.1,649.7247,79,256,False
FILL_0080,Fill,2025-08-12T12:04:00.295000,ORD_1754985600_7487,CLIENT_802322,Blackrock Asset Management,ASML.AS,Buy,FILL_SOR_ALGO_ORD_1754985600_7487_0057_DarkPool_00,57,649.599329717688,DarkPool,100000,11161,88839,11.16,649.724,80,256,False
FILL_0081,Fill,2025-08-12T12:04:00.515000,ORD_1754985600_7487,CLIENT_802322,Blackrock Asset Management,ASML.AS,Buy,FILL_SOR_ALGO_ORD_1754985600_7487_0057_DarkPool_01,57,649.5821006997403,DarkPool,100000,11218,88782,11.22,649.7233,81,256,False
FILL_0082,Fill,2025-08-12T12:04:00.567000,ORD_1754985600_7487,CLIENT_802322,Blackrock Asset Management,ASML.AS,Buy,FILL_SOR_ALGO_ORD_1754985600_7487_0057_IEX_01,27,651.1068011510042,IEX,100000,11245,88755,11.24,649.7266,82,256,False
FILL_0083,Fill,2025-08-12T12:04:00.623000,ORD_1754985600_7487,CLIENT_802322,Blackrock Asset Management,ASML.AS,Buy,FILL_SOR_ALGO_ORD_1754985600_7487_0057_IEX_00,26,651.1014918315824,IEX,100000,11271,88729,11.27,649.7298,83,256,False
FILL_0084,Fill,2025-08-12T12:04:00.971000,ORD_1754985600_7487,CLIENT_802322,Blackrock Asset Management,ASML.AS,Buy,FILL_SOR_ALGO_ORD_1754985600_7487_0057_ARCA_01,74,649.1490578459111,ARCA,100000,11345,88655,11.34,649.726,84,256,False
FILL_0085,Fill,2025-08-12T12:11:00.229000,ORD_1754985600_7487,CLIENT_802322,Blackrock Asset Management,ASML.AS,Buy,FILL_SOR_ALGO_ORD_1754985600_7487_0061_IEX_00,24,648.981963235878,IEX,100000,11369,88631,11.37,649.7244,85,256,False
FILL_0086,Fill,2025-08-12T12:11:00.547000,ORD_1754985600_7487,CLIENT_802322,Blackrock Asset Management,ASML.AS,Buy,FILL_SOR_ALGO_ORD_1754985600_7487_0061_NYSE_01,147,650.2600422685367,NYSE,100000,11516,88484,11.52,649.7313,86,256,False
FILL_0087,Fill,2025-08-12T12:11:00.597000,ORD_1754985600_7487,CLIENT_802322,Blackrock Asset Management,ASML.AS,Buy,FILL_SOR_ALGO_ORD_1754985600_7487_0061_NYSE_00,147,650.2609757592415,NYSE,100000,11663,88337,11.66,649.738,87,256,False
FILL_0088,Fill,2025-08-12T12:11:00.891000,ORD_1754985600_7487,CLIENT_802322,Blackrock Asset Management,ASML.AS,Buy,FILL_SOR_ALGO_ORD_1754985600_7487_0061_IEX_01,24,648.9917754281047,IEX,100000,11687,88313,11.69,649.7364,88,256,False
FILL_0089,Fill,2025-08-12T12:25:00.397000,ORD_1754985600_7487,CLIENT_802322,Blackrock Asset Management,ASML.AS,Buy,FILL_SOR_ALGO_ORD_1754985600_7487_0064_NYSE_00,350,648.2870797321909,NYSE,100000,12037,87963,12.04,649.6943,89,256,False
FILL_0090,Fill,2025-08-12T12:30:00.173000,ORD_1754985600_7487,CLIENT_802322,Blackrock Asset Management,ASML.AS,Buy,FILL_SOR_ALGO_ORD_1754985600_7487_0066_ARCA_00,64,651.3064711275144,ARCA,100000,12101,87899,12.1,649.7028,90,256,False
FILL_0091,Fill,2025-08-12T12:30:00.174000,ORD_1754985600_7487,CLIENT_802322,Blackrock Asset Management,ASML.AS,Buy,FILL_SOR_ALGO_ORD_1754985600_7487_0066_IEX_00,26,648.6313359970164,IEX,100000,12127,87873,12.13,649.7005,91,256,False
FILL_0092,Fill,2025-08-12T12:30:00.224000,ORD_1754985600_7487,CLIENT_802322,Blackrock Asset Management,ASML.AS,Buy,FILL_SOR_ALGO_ORD_1754985600_7487_0066_DarkPool_01,47,651.3101705331703,DarkPool,100000,12174,87826,12.17,649.7067,92,256,False
FILL_0093,Fill,2025-08-12T12:30:00.577000,ORD_1754985600_7487,CLIENT_802322,Blackrock Asset Management,ASML.AS,Buy,FILL_SOR_ALGO_ORD_1754985600_7487_0066_DarkPool_00,46,651.3185285281716,DarkPool,100000,12220,87780,12.22,649.7128,93,256,False
FILL_0094,Fill,2025-08-12T12:30:00.612000,ORD_1754985600_7487,CLIENT_802322,Blackrock Asset Management,ASML.AS,Buy,FILL_SOR_ALGO_ORD_1754985600_7487_0066_ARCA_01,65,651.3071394663782,ARCA,100000,12285,87715,12.29,649.7212,94,256,False
FILL_0095,Fill,2025-08-12T12:30:00.644000,ORD_1754985600_7487,CLIENT_802322,Blackrock Asset Management,ASML.AS,Buy,FILL_SOR_ALGO_ORD_1754985600_7487_0066_NYSE_00,144,650.076334223626,NYSE,100000,12429,87571,12.43,649.7253,95,256,False
FILL_0096,Fill,2025-08-12T12:30:00.817000,ORD_1754985600_7487,CLIENT_802322,Blackrock Asset Management,ASML.AS,Buy,FILL_SOR_ALGO_ORD_1754985600_7487_0066_NYSE_01,144,650.0725566068206,NYSE,100000,12573,87427,12.57,649.7293,96,256,False
FILL_0097,Fill,2025-08-12T12:43:00.213000,ORD_1754985600_7487,CLIENT_802322,Blackrock Asset Management,ASML.AS,Buy,FILL_SOR_ALGO_ORD_1754985600_7487_0071_DarkPool_00,47,648.7543322725428,DarkPool,100000,12620,87380,12.62,649.7257,97,256,False
FILL_0098,Fill,2025-08-12T12:43:00.839000,ORD_1754985600_7487,CLIENT_802322,Blackrock Asset Management,ASML.AS,Buy,FILL_SOR_ALGO_ORD_1754985600_7487_0071_DarkPool_01,47,648.7454554366751,DarkPool,100000,12667,87333,12.67,649.7221,98,256,False
FILL_0099,Fill,2025-08-12T12:50:00.300000,ORD_1754985600_7487,CLIENT_802322,Blackrock Asset Management,ASML.AS,Buy,FILL_SOR_ALGO_ORD_1754985600_7487_0073_NYSE_00,116,649.960756758112,NYSE,100000,12783,87217,12.78,649.7242,99,256,False
FILL_0100,Fill,2025-08-12T12:50:00.572000,ORD_1754985600_7487,CLIENT_802322,Blackrock Asset Management,ASML.AS,Buy,FILL_SOR_ALGO_ORD_1754985600_7487_0073_NYSE_02,117,649.9694115380457,NYSE,100000,12900,87100,12.9,649.7264,100,256,False
FILL_0101,Fill,2025-08-12T12:50:00.606000,ORD_1754985600_7487,CLIENT_802322,Blackrock Asset Management,ASML.AS,Buy,FILL_SOR_ALGO_ORD_1754985600_7487_0073_BATS_00,57,649.1515403053478,BATS,100000,12957,87043,12.96,649.7239,101,256,False
FILL_0102,Fill,2025-08-12T12:50:00.840000,ORD_1754985600_7487,CLIENT_802322,Blackrock Asset Management,ASML.AS,Buy,FILL_SOR_ALGO_ORD_1754985600_7487_0073_NYSE_01,116,649.9661323402668,NYSE,100000,13073,86927,13.07,649.7261,102,256,False
FILL_0103,Fill,2025-08-12T13:04:00.171000,ORD_1754985600_7487,CLIENT_802322,Blackrock Asset Management,ASML.AS,Buy,FILL_SOR_ALGO_ORD_1754985600_7487_0076_IEX_01,23,648.4897608751613,IEX,100000,13096,86904,13.1,649.7239,103,256,False
FILL_0104,Fill,2025-08-12T13:04:00.560000,ORD_1754985600_7487,CLIENT_802322,Blackrock Asset Management,ASML.AS,Buy,FILL_SOR_ALGO_ORD_1754985600_7487_0076_ARCA_00,223,650.9467405393106,ARCA,100000,13319,86681,13.32,649.7444,104,256,False
FILL_0105,Fill,2025-08-12T13:04:00.685000,ORD_1754985600_7487,CLIENT_802322,Blackrock Asset Management,ASML.AS,Buy,FILL_SOR_ALGO_ORD_1754985600_7487_0076_IEX_02,23,648.4875758937145,IEX,100000,13342,86658,13.34,649.7422,105,256,False
FILL_0106,Fill,2025-08-12T13:04:00.983000,ORD_1754985600_7487,CLIENT_802322,Blackrock Asset Management,ASML.AS,Buy,FILL_SOR_ALGO_ORD_1754985600_7487_0076_IEX_00,23,648.4795888930402,IEX,100000,13365,86635,13.36,649.74,106,256,False
FILL_0107,Fill,2025-08-12T13:15:00.293000,ORD_1754985600_7487,CLIENT_802322,Blackrock Asset Management,ASML.AS,Buy,FILL_SOR_ALGO_ORD_1754985600_7487_0079_NYSE_00,428,650.9289949667043,NYSE,100000,13793,86207,13.79,649.7769,107,256,False
FILL_0108,Fill,2025-08-12T13:15:00.515000,ORD_1754985600_7487,CLIENT_802322,Blackrock Asset Management,ASML.AS,Buy,FILL_SOR_ALGO_ORD_1754985600_7487_0079_NYSE_01,428,650.9223093204187,NYSE,100000,14221,85779,14.22,649.8114,108,256,False
FILL_0109,Fill,2025-08-12T13:34:00.472000,ORD_1754985600_7487,CLIENT_802322,Blackrock Asset Management,ASML.AS,Buy,FILL_SOR_ALGO_ORD_1754985600_7487_0081_IEX_01,13,650.3582972682667,IEX,100000,14234,85766,14.23,649.8119,109,256,False
FILL_0110,Fill,2025-08-12T13:34:00.480000,ORD_1754985600_7487,CLIENT_802322,Blackrock Asset Management,ASML.AS,Buy,FILL_SOR_ALGO_ORD_1754985600_7487_0081_NASDAQ_01,141,649.352860819201,NASDAQ,100000,14375,85625,14.37,649.8074,110,256,False
FILL_0111,Fill,2025-08-12T13:34:00.501000,ORD_1754985600_7487,CLIENT_802322,Blackrock Asset Management,ASML.AS,Buy,FILL_SOR_ALGO_ORD_1754985600_7487_0081_NASDAQ_02,142,649.3546096968184,NASDAQ,100000,14517,85483,14.52,649.803,111,256,False
FILL_0112,Fill,2025-08-12T13:34:00.555000,ORD_1754985600_7487,CLIENT_802322,Blackrock Asset Management,ASML.AS,Buy,FILL_SOR_ALGO_ORD_1754985600_7487_0081_ARCA_00,151,650.4688729932388,ARCA,100000,14668,85332,14.67,649.8098,112,256,False
FILL_0113,Fill,2025-08-12T13:34:00.638000,ORD_1754985600_7487,CLIENT_802322,Blackrock Asset Management,ASML.AS,Buy,FILL_SOR_ALGO_ORD_1754985600_7487_0081_IEX_02,15,650.3467984317695,IEX,100000,14683,85317,14.68,649.8104,113,256,False
FILL_0114,Fill,2025-08-12T13:34:00.873000,ORD_1754985600_7487,CLIENT_802322,Blackrock Asset Management,ASML.AS,Buy,FILL_SOR_ALGO_ORD_1754985600_7487_0081_NASDAQ_00,141,649.3483210514174,NASDAQ,100000,14824,85176,14.82,649.806,114,256,False
FILL_0115,Fill,2025-08-12T13:34:00.923000,ORD_1754985600_7487,CLIENT_802322,Blackrock Asset Management,ASML.AS,Buy,FILL_SOR_ALGO_ORD_1754985600_7487_0081_IEX_00,13,650.3486772334393,IEX,100000,14837,85163,14.84,649.8064,115,256,False
FILL_0116,Fill,2025-08-12T13:46:00.328000,ORD_1754985600_7487,CLIENT_802322,Blackrock Asset Management,ASML.AS,Buy,FILL_SOR_ALGO_ORD_1754985600_7487_0085_DarkPool_01,52,648.9918909524703,DarkPool,100000,14889,85111,14.89,649.8036,116,256,False
FILL_0117,Fill,2025-08-12T13:46:00.450000,ORD_1754985600_7487,CLIENT_802322,Blackrock Asset Management,ASML.AS,Buy,FILL_SOR_ALGO_ORD_1754985600_7487_0085_NYSE_00,186,651.1751309413137,NYSE,100000,15075,84925,15.07,649.8205,117,256,False
FILL_0118,Fill,2025-08-12T13:46:00.565000,ORD_1754985600_7487,CLIENT_802322,Blackrock Asset Management,ASML.AS,Buy,FILL_SOR_ALGO_ORD_1754985600_7487_0085_NYSE_01,186,651.1669621327254,NYSE,100000,15261,84739,15.26,649.8369,118,256,False
FILL_0119,Fill,2025-08-12T13:46:00.624000,ORD_1754985600_7487,CLIENT_802322,Blackrock Asset Management,ASML.AS,Buy,FILL_SOR_ALGO_ORD_1754985600_7487_0085_DarkPool_02,54,649.0030002037574,DarkPool,100000,15315,84685,15.32,649.834,119,256,False
FILL_0120,Fill,2025-08-12T13:46:00.672000,ORD_1754985600_7487,CLIENT_802322,Blackrock Asset Management,ASML.AS,Buy,FILL_SOR_ALGO_ORD_1754985600_7487_0085_DarkPool_00,52,648.9978299751889,DarkPool,100000,15367,84633,15.37,649.8312,120,256,False
FILL_0121,Fill,2025-08-12T13:46:00.984000,ORD_1754985600_7487,CLIENT_802322,Blackrock Asset Management,ASML.AS,Buy,FILL_SOR_ALGO_ORD_1754985600_7487_0085_NYSE_02,186,651.1672851719229,NYSE,100000,15553,84447,15.55,649.8471,121,256,False
FILL_0122,Fill,2025-08-12T14:00:00.211000,ORD_1754985600_7487,CLIENT_802322,Blackrock Asset Management,ASML.AS,Buy,FILL_SOR_ALGO_ORD_1754985600_7487_0088_NASDAQ_02,68,649.4972890881866,NASDAQ,100000,15621,84379,15.62,649.8456,122,256,False
FILL_0123,Fill,2025-08-12T14:00:00.400000,ORD_1754985600_7487,CLIENT_802322,Blackrock Asset Management,ASML.AS,Buy,FILL_SOR_ALGO_ORD_1754985600_7487_0088_DarkPool_00,47,649.6834906610637,DarkPool,100000,15668,84332,15.67,649.8451,123,256,False
FILL_0124,Fill,2025-08-12T14:00:00.593000,ORD_1754985600_7487,CLIENT_802322,Blackrock Asset Management,ASML.AS,Buy,FILL_SOR_ALGO_ORD_1754985600_7487_0088_NYSE_00,173,651.7024421721659,NYSE,100000,15841,84159,15.84,649.8654,124,256,False
FILL_0125,Fill,2025-08-12T14:00:00.703000,ORD_1754985600_7487,CLIENT_802322,Blackrock Asset Management,ASML.AS,Buy,FILL_SOR_ALGO_ORD_1754985600_7487_0088_NYSE_01,173,651.7052189444285,NYSE,100000,16014,83986,16.01,649.8853,125,256,False
FILL_0126,Fill,2025-08-12T14:00:00.771000,ORD_1754985600_7487,CLIENT_802322,Blackrock Asset Management,ASML.AS,Buy,FILL_SOR_ALGO_ORD_1754985600_7487_0088_NASDAQ_01,67,649.5054518861895,NASDAQ,100000,16081,83919,16.08,649.8837,126,256,False
FILL_0127,Fill,2025-08-12T14:00:00.986000,ORD_1754985600_7487,CLIENT_802322,Blackrock Asset Management,ASML.AS,Buy,FILL_SOR_ALGO_ORD_1754985600_7487_0088_NASDAQ_00,67,649.5036076239649,NASDAQ,100000,16148,83852,16.15,649.8821,127,256,False
FILL_0128,Fill,2025-08-12T14:12:00.121000,ORD_1754985600_7487,CLIENT_802322,Blackrock Asset Management,ASML.AS,Buy,FILL_SOR_ALGO_ORD_1754985600_7487_0092_BATS_00,52,650.4521071972497,BATS,100000,16200,83800,16.2,649.884,128,256,False
FILL_0129,Fill,2025-08-12T14:12:00.353000,ORD_1754985600_7487,CLIENT_802322,Blackrock Asset Management,ASML.AS,Buy,FILL_SOR_ALGO_ORD_1754985600_7487_0092_BATS_01,52,650.4524340290436,BATS,100000,16252,83748,16.25,649.8858,129,256,False
FILL_0130,Fill,2025-08-12T14:12:00.660000,ORD_1754985600_7487,CLIENT_802322,Blackrock Asset Management,ASML.AS,Buy,FILL_SOR_ALGO_ORD_1754985600_7487_0092_ARCA_00,118,648.5826793049939,ARCA,100000,16370,83630,16.37,649.8764,130,256,False
FILL_0131,Fill,2025-08-12T14:12:00.791000,ORD_1754985600_7487,CLIENT_802322,Blackrock Asset Management,ASML.AS,Buy,FILL_SOR_ALGO_ORD_1754985600_7487_0092_ARCA_01,118,648.5920343952347,ARCA,100000,16488,83512,16.49,649.8672,131,256,False
FILL_0132,Fill,2025-08-12T14:23:00.317000,ORD_1754985600_7487,CLIENT_802322,Blackrock Asset Management,ASML.AS,Buy,FILL_SOR_ALGO_ORD_1754985600_7487_0095_DarkPool_00,83,650.1790899679148,DarkPool,100000,16571,83429,16.57,649.8688,132,256,False
FILL_0133,Fill,2025-08-12T14:23:00.623000,ORD_1754985600_7487,CLIENT_802322,Blackrock Asset Management,ASML.AS,Buy,FILL_SOR_ALGO_ORD_1754985600_7487_0095_BATS_00,154,646.9443865455315,BATS,100000,16725,83275,16.73,649.8418,133,256,False
FILL_0134,Fill,2025-08-12T14:23:00.998000,ORD_1754985600_7487,CLIENT_802322,Blackrock Asset Management,ASML.AS,Buy,FILL_SOR_ALGO_ORD_1754985600_7487_0095_DarkPool_01,84,650.1777986424369,DarkPool,100000,16809,83191,16.81,649.8435,134,256,False
FILL_0135,Fill,2025-08-12T14:34:00.242000,ORD_1754985600_7487,CLIENT_802322,Blackrock Asset Management,ASML.AS,Buy,FILL_SOR_ALGO_ORD_1754985600_7487_0098_IEX_00,54,649.4180245683813,IEX,100000,16863,83137,16.86,649.8421,135,256,False
FILL_0136,Fill,2025-08-12T14:34:00.242000,ORD_1754985600_7487,CLIENT_802322,Blackrock Asset Management,ASML.AS,Buy,FILL_SOR_ALGO_ORD_1754985600_7487_0098_DarkPool_00,48,652.7162062680204,DarkPool,100000,16911,83089,16.91,649.8503,136,256,False
FILL_0137,Fill,2025-08-12T14:34:00.617000,ORD_1754985600_7487,CLIENT_802322,Blackrock Asset Management,ASML.AS,Buy,FILL_SOR_ALGO_ORD_1754985600_7487_0098_ARCA_01,49,650.6666046532945,ARCA,100000,16960,83040,16.96,649.8527,137,256,False
FILL_0138,Fill,2025-08-12T14:34:00.870000,ORD_1754985600_7487,CLIENT_802322,Blackrock Asset Management,ASML.AS,Buy,FILL_SOR_ALGO_ORD_1754985600_7487_0098_DarkPool_01,49,652.7127385702203,DarkPool,100000,17009,82991,17.01,649.8609,138,256,False
FILL_0139,Fill,2025-08-12T14:34:00.882000,ORD_1754985600_7487,CLIENT_802322,Blackrock Asset Management,ASML.AS,Buy,FILL_SOR_ALGO_ORD_1754985600_7487_0098_ARCA_02,49,650.6640877092634,ARCA,100000,17058,82942,17.06,649.8632,139,256,False
FILL_0140,Fill,2025-08-12T14:34:00.890000,ORD_1754985600_7487,CLIENT_802322,Blackrock Asset Management,ASML.AS,Buy,FILL_SOR_ALGO_ORD_1754985600_7487_0098_ARCA_00,49,650.6756625963825,ARCA,100000,17107,82893,17.11,649.8655,140,256,False
FILL_0141,Fill,2025-08-12T14:41:00.297000,ORD_1754985600_7487,CLIENT_802322,Blackrock Asset Management,ASML.AS,Buy,FILL_SOR_ALGO_ORD_1754985600_7487_0102_BATS_02,34,650.9688341541465,BATS,100000,17141,82859,17.14,649.8677,141,256,False
FILL_0142,Fill,2025-08-12T14:41:00.358000,ORD_1754985600_7487,CLIENT_802322,Blackrock Asset Management,ASML.AS,Buy,FILL_SOR_ALGO_ORD_1754985600_7487_0102_NYSE_00,638,649.8535967615517,NYSE,100000,17779,82221,17.78,649.8672,142,256,False
FILL_0143,Fill,2025-08-12T14:41:00.631000,ORD_1754985600_7487,CLIENT_802322,Blackrock Asset Management,ASML.AS,Buy,FILL_SOR_ALGO_ORD_1754985600_7487_0102_BATS_01,33,650.9690352141907,BATS,100000,17812,82188,17.81,649.8693,143,256,False
FILL_0144,Fill,2025-08-12T14:41:00.709000,ORD_1754985600_7487,CLIENT_802322,Blackrock Asset Management,ASML.AS,Buy,FILL_SOR_ALGO_ORD_1754985600_7487_0102_DarkPool_00,83,650.7597143904247,DarkPool,100000,17895,82105,17.89,649.8734,144,256,False
FILL_0145,Fill,2025-08-12T14:41:00.867000,ORD_1754985600_7487,CLIENT_802322,Blackrock Asset Management,ASML.AS,Buy,FILL_SOR_ALGO_ORD_1754985600_7487_0102_BATS_00,33,650.9626488934646,BATS,100000,17928,82072,17.93,649.8754,145,256,False
FILL_0146,Fill,2025-08-12T14:53:00.638000,ORD_1754985600_7487,CLIENT_802322,Blackrock Asset Management,ASML.AS,Buy,FILL_SOR_ALGO_ORD_1754985600_7487_0106_ARCA_00,200,649.4176404477965,ARCA,100000,18128,81872,18.13,649.8703,146,256,False
FILL_0147,Fill,2025-08-12T15:01:00.204000,ORD_1754985600_7487,CLIENT_802322,Blackrock Asset Management,ASML.AS,Buy,FILL_SOR_ALGO_ORD_1754985600_7487_0108_ARCA_00,45,650.5471678313082,ARCA,100000,18173,81827,18.17,649.872,147,256,False
FILL_0148,Fill,2025-08-12T15:01:00.422000,ORD_1754985600_7487,CLIENT_802322,Blackrock Asset Management,ASML.AS,Buy,FILL_SOR_ALGO_ORD_1754985600_7487_0108_NYSE_00,235,650.1620036109457,NYSE,100000,18408,81592,18.41,649.8757,148,256,False
FILL_0149,Fill,2025-08-12T15:01:00.781000,ORD_1754985600_7487,CLIENT_802322,Blackrock Asset Management,ASML.AS,Buy,FILL_SOR_ALGO_ORD_1754985600_7487_0108_ARCA_01,45,650.5326565357908,ARCA,100000,18453,81547,18.45,649.8773,149,256,False
FILL_0150,Fill,2025-08-12T15:01:00.801000,ORD_1754985600_7487,CLIENT_802322,Blackrock Asset Management,ASML.AS,Buy,FILL_SOR_ALGO_ORD_1754985600_7487_0108_NYSE_01,235,650.1728955646197,NYSE,100000,18688,81312,18.69,649.881,150,256,False
FILL_0151,Fill,2025-08-12T15:01:00.822000,ORD_1754985600_7487,CLIENT_802322,Blackrock Asset Management,ASML.AS,Buy,FILL_SOR_ALGO_ORD_1754985600_7487_0108_ARCA_02,45,650.5478311325078,ARCA,100000,18733,81267,18.73,649.8826,151,256,False
FILL_0152,Fill,2025-08-12T15:11:00.606000,ORD_1754985600_7487,CLIENT_802322,Blackrock Asset Management,ASML.AS,Buy,FILL_SOR_ALGO_ORD_1754985600_7487_0111_NASDAQ_00,433,651.7105020639507,NASDAQ,100000,19166,80834,19.17,649.9239,152,256,False
FILL_0153,Fill,2025-08-12T15:23:00.868000,ORD_1754985600_7487,CLIENT_802322,Blackrock Asset Management,ASML.AS,Buy,FILL_SOR_ALGO_ORD_1754985600_7487_0113_ARCA_00,231,653.0525062328444,ARCA,100000,19397,80603,19.4,649.9612,153,256,False
FILL_0154,Fill,2025-08-12T15:30:00.465000,ORD_1754985600_7487,CLIENT_802322,Blackrock Asset Management,ASML.AS,Buy,FILL_SOR_ALGO_ORD_1754985600_7487_0115_ARCA_00,291,650.4636551998617,ARCA,100000,19688,80312,19.69,649.9686,154,256,False
FILL_0155,Fill,2025-08-12T15:30:00.474000,ORD_1754985600_7487,CLIENT_802322,Blackrock Asset Management,ASML.AS,Buy,FILL_SOR_ALGO_ORD_1754985600_7487_0115_NASDAQ_00,182,650.5054252898259,NASDAQ,100000,19870,80130,19.87,649.9735,155,256,False
FILL_0156,Fill,2025-08-12T15:30:00.643000,ORD_1754985600_7487,CLIENT_802322,Blackrock Asset Management,ASML.AS,Buy,FILL_SOR_ALGO_ORD_1754985600_7487_0115_NYSE_02,199,649.5632706059748,NYSE,100000,20069,79931,20.07,649.9695,156,256,False
FILL_0157,Fill,2025-08-12T15:30:00.759000,ORD_1754985600_7487,CLIENT_802322,Blackrock Asset Management,ASML.AS,Buy,FILL_SOR_ALGO_ORD_1754985600_7487_0115_NYSE_01,197,649.5602407278346,NYSE,100000,20266,79734,20.27,649.9655,157,256,False
FILL_0158,Fill,2025-08-12T15:30:00.896000,ORD_1754985600_7487,CLIENT_802322,Blackrock Asset Management,ASML.AS,Buy,FILL_SOR_ALGO_ORD_1754985600_7487_0115_NYSE_00,197,649.5680440858476,NYSE,100000,20463,79537,20.46,649.9617,158,256,False
FILL_0159,Fill,2025-08-12T15:41:00.176000,ORD_1754985600_7487,CLIENT_802322,Blackrock Asset Management,ASML.AS,Buy,FILL_SOR_ALGO_ORD_1754985600_7487_0119_NYSE_01,164,650.2795866491981,NYSE,100000,20627,79373,20.63,649.9642,159,256,False
FILL_0160,Fill,2025-08-12T15:41:00.323000,ORD_1754985600_7487,CLIENT_802322,Blackrock Asset Management,ASML.AS,Buy,FILL_SOR_ALGO_ORD_1754985600_7487_0119_NYSE_00,164,650.2742085888458,NYSE,100000,20791,79209,20.79,649.9666,160,256,False
FILL_0161,Fill,2025-08-12T15:41:00.537000,ORD_1754985600_7487,CLIENT_802322,Blackrock Asset Management,ASML.AS,Buy,FILL_SOR_ALGO_ORD_1754985600_7487_0119_IEX_01,13,648.4530701824294,IEX,100000,20804,79196,20.8,649.9657,161,256,False
FILL_0162,Fill,2025-08-12T15:41:00.790000,ORD_1754985600_7487,CLIENT_802322,Blackrock Asset Management,ASML.AS,Buy,FILL_SOR_ALGO_ORD_1754985600_7487_0119_IEX_00,13,648.4515492574213,IEX,100000,20817,79183,20.82,649.9647,162,256,False
FILL_0163,Fill,2025-08-12T15:41:00.878000,ORD_1754985600_7487,CLIENT_802322,Blackrock Asset Management,ASML.AS,Buy,FILL_SOR_ALGO_ORD_1754985600_7487_0119_NYSE_02,164,650.2793090496126,NYSE,100000,20981,79019,20.98,649.9672,163,256,False
FILL_0164,Fill,2025-08-12T15:41:00.990000,ORD_1754985600_7487,CLIENT_802322,Blackrock Asset Management,ASML.AS,Buy,FILL_SOR_ALGO_ORD_1754985600_7487_0119_IEX_02,14,648.4538234919947,IEX,100000,20995,79005,21.0,649.9662,164,256,False
FILL_0165,Fill,2025-08-12T15:55:00.360000,ORD_1754985600_7487,CLIENT_802322,Blackrock Asset Management,ASML.AS,Buy,FILL_SOR_ALGO_ORD_1754985600_7487_0122_DarkPool_00,169,649.807247890646,DarkPool,100000,21164,78836,21.16,649.9649,165,256,False
FILL_0166,Fill,2025-08-12T16:00:00.208000,ORD_1754985600_7487,CLIENT_802322,Blackrock Asset Management,ASML.AS,Buy,FILL_SOR_ALGO_ORD_1754985600_7487_0124_NASDAQ_00,578,649.8524176913709,NASDAQ,100000,21742,78258,21.74,649.9619,166,256,False
FILL_0167,Fill,2025-08-12T16:00:00.297000,ORD_1754985600_7487,CLIENT_802322,Blackrock Asset Management,ASML.AS,Buy,FILL_SOR_ALGO_ORD_1754985600_7487_0124_NASDAQ_01,579,649.8681473523962,NASDAQ,100000,22321,77679,22.32,649.9595,167,256,False
FILL_0168,Fill,2025-08-12T16:21:00.201000,ORD_1754985600_7487,CLIENT_802322,Blackrock Asset Management,ASML.AS,Buy,FILL_SOR_ALGO_ORD_1754985600_7487_0126_DarkPool_01,171,651.510780530459,DarkPool,100000,22492,77508,22.49,649.9713,168,256,False
FILL_0169,Fill,2025-08-12T16:21:00.346000,ORD_1754985600_7487,CLIENT_802322,Blackrock Asset Management,ASML.AS,Buy,FILL_SOR_ALGO_ORD_1754985600_7487_0126_BATS_00,101,652.3312038624196,BATS,100000,22593,77407,22.59,649.9818,169,256,False
FILL_0170,Fill,2025-08-12T16:21:00.475000,ORD_1754985600_7487,CLIENT_802322,Blackrock Asset Management,ASML.AS,Buy,FILL_SOR_ALGO_ORD_1754985600_7487_0126_IEX_00,34,650.5088162656976,IEX,100000,22627,77373,22.63,649.9826,170,256,False
FILL_0171,Fill,2025-08-12T16:21:00.484000,ORD_1754985600_7487,CLIENT_802322,Blackrock Asset Management,ASML.AS,Buy,FILL_SOR_ALGO_ORD_1754985600_7487_0126_BATS_01,101,652.3344509435898,BATS,100000,22728,77272,22.73,649.9931,171,256,False
FILL_0172,Fill,2025-08-12T16:21:00.564000,ORD_1754985600_7487,CLIENT_802322,Blackrock Asset Management,ASML.AS,Buy,FILL_SOR_ALGO_ORD_1754985600_7487_0126_DarkPool_00,171,651.5031796237963,DarkPool,100000,22899,77101,22.9,650.0044,172,256,False
FILL_0173,Fill,2025-08-12T16:21:00.571000,ORD_1754985600_7487,CLIENT_802322,Blackrock Asset Management,ASML.AS,Buy,FILL_SOR_ALGO_ORD_1754985600_7487_0126_NASDAQ_00,302,649.5201360441872,NASDAQ,100000,23201,76799,23.2,649.9981,173,256,False
FILL_0174,Fill,2025-08-12T16:21:00.610000,ORD_1754985600_7487,CLIENT_802322,Blackrock Asset Management,ASML.AS,Buy,FILL_SOR_ALGO_ORD_1754985600_7487_0126_IEX_02,35,650.5173730340663,IEX,100000,23236,76764,23.24,649.9988,174,256,False
FILL_0175,Fill,2025-08-12T16:21:00.686000,ORD_1754985600_7487,CLIENT_802322,Blackrock Asset Management,ASML.AS,Buy,FILL_SOR_ALGO_ORD_1754985600_7487_0126_IEX_01,34,650.5004131480623,IEX,100000,23270,76730,23.27,649.9996,175,256,False
FILL_0176,Fill,2025-08-12T16:21:00.946000,ORD_1754985600_7487,CLIENT_802322,Blackrock Asset Management,ASML.AS,Buy,FILL_SOR_ALGO_ORD_1754985600_7487_0126_NASDAQ_01,303,649.5373693296599,NASDAQ,100000,23573,76427,23.57,649.9936,176,256,False
FILL_0177,Fill,2025-08-12T16:40:00.149000,ORD_1754985600_7487,CLIENT_802322,Blackrock Asset Management,ASML.AS,Buy,FILL_SOR_ALGO_ORD_1754985600_7487_0131_IEX_00,107,649.6846554998812,IEX,100000,23680,76320,23.68,649.9922,177,256,False
FILL_0178,Fill,2025-08-12T16:40:00.210000,ORD_1754985600_7487,CLIENT_802322,Blackrock Asset Management,ASML.AS,Buy,FILL_SOR_ALGO_ORD_1754985600_7487_0131_IEX_01,107,649.6867317798889,IEX,100000,23787,76213,23.79,649.9909,178,256,False
FILL_0179,Fill,2025-08-12T17:03:00.429000,ORD_1754985600_7487,CLIENT_802322,Blackrock Asset Management,ASML.AS,Buy,FILL_SOR_ALGO_ORD_1754985600_7487_0133_NYSE_00,166,648.9786722207313,NYSE,100000,23953,76047,23.95,649.9839,179,256,False
FILL_0180,Fill,2025-08-12T17:03:00.444000,ORD_1754985600_7487,CLIENT_802322,Blackrock Asset Management,ASML.AS,Buy,FILL_SOR_ALGO_ORD_1754985600_7487_0133_NYSE_01,166,648.9860620748287,NYSE,100000,24119,75881,24.12,649.977,180,256,False
FILL_0181,Fill,2025-08-12T17:03:00.516000,ORD_1754985600_7487,CLIENT_802322,Blackrock Asset Management,ASML.AS,Buy,FILL_SOR_ALGO_ORD_1754985600_7487_0133_DarkPool_00,217,645.8101088139362,DarkPool,100000,24336,75664,24.34,649.9398,181,256,False
FILL_0182,Fill,2025-08-12T17:03:00.583000,ORD_1754985600_7487,CLIENT_802322,Blackrock Asset Management,ASML.AS,Buy,FILL_SOR_ALGO_ORD_1754985600_7487_0133_NYSE_02,166,648.9859282201874,NYSE,100000,24502,75498,24.5,649.9334,182,256,False
FILL_0183,Fill,2025-08-12T17:10:00.218000,ORD_1754985600_7487,CLIENT_802322,Blackrock Asset Management,ASML.AS,Buy,FILL_SOR_ALGO_ORD_1754985600_7487_0136_IEX_00,45,650.4412890755226,IEX,100000,24547,75453,24.55,649.9343,183,256,False
FILL_0184,Fill,2025-08-12T17:10:00.264000,ORD_1754985600_7487,CLIENT_802322,Blackrock Asset Management,ASML.AS,Buy,FILL_SOR_ALGO_ORD_1754985600_7487_0136_DarkPool_02,102,649.225821372834,DarkPool,100000,24649,75351,24.65,649.9314,184,256,False
FILL_0185,Fill,2025-08-12T17:10:00.431000,ORD_1754985600_7487,CLIENT_802322,Blackrock Asset Management,ASML.AS,Buy,FILL_SOR_ALGO_ORD_1754985600_7487_0136_DarkPool_00,100,649.2374665047561,DarkPool,100000,24749,75251,24.75,649.9286,185,256,False
FILL_0186,Fill,2025-08-12T17:10:00.439000,ORD_1754985600_7487,CLIENT_802322,Blackrock Asset Management,ASML.AS,Buy,FILL_SOR_ALGO_ORD_1754985600_7487_0136_IEX_01,45,650.4521501144385,IEX,100000,24794,75206,24.79,649.9295,186,256,False
FILL_0187,Fill,2025-08-12T17:10:00.786000,ORD_1754985600_7487,CLIENT_802322,Blackrock Asset Management,ASML.AS,Buy,FILL_SOR_ALGO_ORD_1754985600_7487_0136_NYSE_01,439,650.5545780637235,NYSE,100000,25233,74767,25.23,649.9404,187,256,False
FILL_0188,Fill,2025-08-12T17:10:00.834000,ORD_1754985600_7487,CLIENT_802322,Blackrock Asset Management,ASML.AS,Buy,FILL_SOR_ALGO_ORD_1754985600_7487_0136_DarkPool_01,100,649.2378256872295,DarkPool,100000,25333,74667,25.33,649.9376,188,256,False
FILL_0189,Fill,2025-08-12T17:10:00.888000,ORD_1754985600_7487,CLIENT_802322,Blackrock Asset Management,ASML.AS,Buy,FILL_SOR_ALGO_ORD_1754985600_7487_0136_NYSE_00,438,650.5650441082912,NYSE,100000,25771,74229,25.77,649.9483,189,256,False
FILL_0190,Fill,2025-08-12T17:10:00.922000,ORD_1754985600_7487,CLIENT_802322,Blackrock Asset Management,ASML.AS,Buy,FILL_SOR_ALGO_ORD_1754985600_7487_0136_IEX_02,45,650.456757551027,IEX,100000,25816,74184,25.82,649.9492,190,256,False
FILL_0191,Fill,2025-08-12T17:10:00.982000,ORD_1754985600_7487,CLIENT_802322,Blackrock Asset Management,ASML.AS,Buy,FILL_SOR_ALGO_ORD_1754985600_7487_0136_BATS_00,132,646.3949521453218,BATS,100000,25948,74052,25.95,649.9311,191,256,False
FILL_0192,Fill,2025-08-12T17:24:00.113000,ORD_1754985600_7487,CLIENT_802322,Blackrock Asset Management,ASML.AS,Buy,FILL_SOR_ALGO_ORD_1754985600_7487_0141_NASDAQ_00,395,652.0100244480905,NASDAQ,100000,26343,73657,26.34,649.9623,192,256,False
FILL_0193,Fill,2025-08-12T17:24:00.163000,ORD_1754985600_7487,CLIENT_802322,Blackrock Asset Management,ASML.AS,Buy,FILL_SOR_ALGO_ORD_1754985600_7487_0141_ARCA_02,115,649.0341171295923,ARCA,100000,26458,73542,26.46,649.9582,193,256,False
FILL_0194,Fill,2025-08-12T17:24:00.268000,ORD_1754985600_7487,CLIENT_802322,Blackrock Asset Management,ASML.AS,Buy,FILL_SOR_ALGO_ORD_1754985600_7487_0141_NASDAQ_01,396,652.0206183200924,NASDAQ,100000,26854,73146,26.85,649.9886,194,256,False
FILL_0195,Fill,2025-08-12T17:24:00.398000,ORD_1754985600_7487,CLIENT_802322,Blackrock Asset Management,ASML.AS,Buy,FILL_SOR_ALGO_ORD_1754985600_7487_0141_ARCA_01,113,649.0326186441303,ARCA,100000,26967,73033,26.97,649.9846,195,256,False
FILL_0196,Fill,2025-08-12T17:24:00.406000,ORD_1754985600_7487,CLIENT_802322,Blackrock Asset Management,ASML.AS,Buy,FILL_SOR_ALGO_ORD_1754985600_7487_0141_ARCA_00,113,649.0399811112693,ARCA,100000,27080,72920,27.08,649.9807,196,256,False
FILL_0197,Fill,2025-08-12T17:34:00.191000,ORD_1754985600_7487,CLIENT_802322,Blackrock Asset Management,ASML.AS,Buy,FILL_SOR_ALGO_ORD_1754985600_7487_0144_BATS_02,53,651.7016606476753,BATS,100000,27133,72867,27.13,649.9841,197,256,False
FILL_0198,Fill,2025-08-12T17:34:00.251000,ORD_1754985600_7487,CLIENT_802322,Blackrock Asset Management,ASML.AS,Buy,FILL_SOR_ALGO_ORD_1754985600_7487_0144_ARCA_01,92,650.505425921659,ARCA,100000,27225,72775,27.22,649.9858,198,256,False
FILL_0199,Fill,2025-08-12T17:34:00.352000,ORD_1754985600_7487,CLIENT_802322,Blackrock Asset Management,ASML.AS,Buy,FILL_SOR_ALGO_ORD_1754985600_7487_0144_BATS_01,51,651.7009159333929,BATS,100000,27276,72724,27.28,649.989,199,256,False
FILL_0200,Fill,2025-08-12T17:34:00.457000,ORD_1754985600_7487,CLIENT_802322,Blackrock Asset Management,ASML.AS,Buy,FILL_SOR_ALGO_ORD_1754985600_7487_0144_BATS_00,51,651.69617852351,BATS,100000,27327,72673,27.33,649.9922,200,256,False
FILL_0201,Fill,2025-08-12T17:34:00.522000,ORD_1754985600_7487,CLIENT_802322,Blackrock Asset Management,ASML.AS,Buy,FILL_SOR_ALGO_ORD_1754985600_7487_0144_NASDAQ_00,529,649.94332196575,NASDAQ,100000,27856,72144,27.86,649.9913,201,256,False
FILL_0202,Fill,2025-08-12T17:34:00.549000,ORD_1754985600_7487,CLIENT_802322,Blackrock Asset Management,ASML.AS,Buy,FILL_SOR_ALGO_ORD_1754985600_7487_0144_IEX_00,104,649.7939053859756,IEX,100000,27960,72040,27.96,649.9905,202,256,False
FILL_0203,Fill,2025-08-12T17:34:00.874000,ORD_1754985600_7487,CLIENT_802322,Blackrock Asset Management,ASML.AS,Buy,FILL_SOR_ALGO_ORD_1754985600_7487_0144_ARCA_00,92,650.4961795354861,ARCA,100000,28052,71948,28.05,649.9922,203,256,False
FILL_0204,Fill,2025-08-12T17:44:00.136000,ORD_1754985600_7487,CLIENT_802322,Blackrock Asset Management,ASML.AS,Buy,FILL_SOR_ALGO_ORD_1754985600_7487_0149_DarkPool_01,127,651.2419280646204,DarkPool,100000,28179,71821,28.18,649.9978,204,256,False
FILL_0205,Fill,2025-08-12T17:44:00.146000,ORD_1754985600_7487,CLIENT_802322,Blackrock Asset Management,ASML.AS,Buy,FILL_SOR_ALGO_ORD_1754985600_7487_0149_IEX_00,24,647.2947660018725,IEX,100000,28203,71797,28.2,649.9955,205,256,False
FILL_0206,Fill,2025-08-12T17:44:00.197000,ORD_1754985600_7487,CLIENT_802322,Blackrock Asset Management,ASML.AS,Buy,FILL_SOR_ALGO_ORD_1754985600_7487_0149_NYSE_00,250,649.3403844206878,NYSE,100000,28453,71547,28.45,649.9898,206,256,False
FILL_0207,Fill,2025-08-12T17:44:00.361000,ORD_1754985600_7487,CLIENT_802322,Blackrock Asset Management,ASML.AS,Buy,FILL_SOR_ALGO_ORD_1754985600_7487_0149_NYSE_01,250,649.3358545920945,NYSE,100000,28703,71297,28.7,649.9841,207,256,False
FILL_0208,Fill,2025-08-12T17:44:00.470000,ORD_1754985600_7487,CLIENT_802322,Blackrock Asset Management,ASML.AS,Buy,FILL_SOR_ALGO_ORD_1754985600_7487_0149_DarkPool_00,126,651.2358045950806,DarkPool,100000,28829,71171,28.83,649.9896,208,256,False
FILL_0209,Fill,2025-08-12T17:44:00.527000,ORD_1754985600_7487,CLIENT_802322,Blackrock Asset Management,ASML.AS,Buy,FILL_SOR_ALGO_ORD_1754985600_7487_0149_BATS_00,290,647.8897881597692,BATS,100000,29119,70881,29.12,649.9686,209,256,False
FILL_0210,Fill,2025-08-12T17:44:00.676000,ORD_1754985600_7487,CLIENT_802322,Blackrock Asset Management,ASML.AS,Buy,FILL_SOR_ALGO_ORD_1754985600_7487_0149_IEX_02,24,647.2970356200519,IEX,100000,29143,70857,29.14,649.9664,210,256,False
FILL_0211,Fill,2025-08-12T17:44:00.731000,ORD_1754985600_7487,CLIENT_802322,Blackrock Asset Management,ASML.AS,Buy,FILL_SOR_ALGO_ORD_1754985600_7487_0149_NYSE_02,252,649.3499286151924,NYSE,100000,29395,70605,29.39,649.9612,211,256,False
FILL_0212,Fill,2025-08-12T17:44:00.997000,ORD_1754985600_7487,CLIENT_802322,Blackrock Asset Management,ASML.AS,Buy,FILL_SOR_ALGO_ORD_1754985600_7487_0149_IEX_01,24,647.298995754216,IEX,100000,29419,70581,29.42,649.959,212,256,False
FILL_0213,Fill,2025-08-12T17:51:00.529000,ORD_1754985600_7487,CLIENT_802322,Blackrock Asset Management,ASML.AS,Buy,FILL_SOR_ALGO_ORD_1754985600_7487_0154_BATS_02,61,649.901174777866,BATS,100000,29480,70520,29.48,649.9589,213,256,False
FILL_0214,Fill,2025-08-12T17:51:00.829000,ORD_1754985600_7487,CLIENT_802322,Blackrock Asset Management,ASML.AS,Buy,FILL_SOR_ALGO_ORD_1754985600_7487_0154_BATS_01,61,649.9098495103714,BATS,100000,29541,70459,29.54,649.9588,214,256,False
FILL_0215,Fill,2025-08-12T17:51:00.899000,ORD_1754985600_7487,CLIENT_802322,Blackrock Asset Management,ASML.AS,Buy,FILL_SOR_ALGO_ORD_1754985600_7487_0154_BATS_00,61,649.8912494732895,BATS,100000,29602,70398,29.6,649.9586,215,256,False
FILL_0216,Fill,2025-08-12T18:02:00.345000,ORD_1754985600_7487,CLIENT_802322,Blackrock Asset Management,ASML.AS,Buy,FILL_SOR_ALGO_ORD_1754985600_7487_0156_NASDAQ_00,360,650.358839269794,NASDAQ,100000,29962,70038,29.96,649.9634,216,256,False
FILL_0217,Fill,2025-08-12T18:02:00.438000,ORD_1754985600_7487,CLIENT_802322,Blackrock Asset Management,ASML.AS,Buy,FILL_SOR_ALGO_ORD_1754985600_7487_0156_NYSE_02,175,647.8235805638429,NYSE,100000,30137,69863,30.14,649.951,217,256,False
FILL_0218,Fill,2025-08-12T18:02:00.443000,ORD_1754985600_7487,CLIENT_802322,Blackrock Asset Management,ASML.AS,Buy,FILL_SOR_ALGO_ORD_1754985600_7487_0156_NYSE_01,175,647.820685949528,NYSE,100000,30312,69688,30.31,649.9387,218,256,False
FILL_0219,Fill,2025-08-12T18:02:00.527000,ORD_1754985600_7487,CLIENT_802322,Blackrock Asset Management,ASML.AS,Buy,FILL_SOR_ALGO_ORD_1754985600_7487_0156_DarkPool_00,83,655.969214115569,DarkPool,100000,30395,69605,30.39,649.9552,219,256,False
FILL_0220,Fill,2025-08-12T18:02:00.657000,ORD_1754985600_7487,CLIENT_802322,Blackrock Asset Management,ASML.AS,Buy,FILL_SOR_ALGO_ORD_1754985600_7487_0156_NYSE_00,175,647.8285489309116,NYSE,100000,30570,69430,30.57,649.943,220,256,False
FILL_0221,Fill,2025-08-12T18:07:00.152000,ORD_1754985600_7487,CLIENT_802322,Blackrock Asset Management,ASML.AS,Buy,FILL_SOR_ALGO_ORD_1754985600_7487_0160_BATS_00,61,650.1387786937751,BATS,100000,30631,69369,30.63,649.9434,221,256,False
FILL_0222,Fill,2025-08-12T18:07:00.351000,ORD_1754985600_7487,CLIENT_802322,Blackrock Asset Management,ASML.AS,Buy,FILL_SOR_ALGO_ORD_1754985600_7487_0160_BATS_02,63,650.1322996309849,BATS,100000,30694,69306,30.69,649.9438,222,256,False
FILL_0223,Fill,2025-08-12T18:07:00.545000,ORD_1754985600_7487,CLIENT_802322,Blackrock Asset Management,ASML.AS,Buy,FILL_SOR_ALGO_ORD_1754985600_7487_0160_ARCA_00,249,651.1929778749658,ARCA,100000,30943,69057,30.94,649.9538,223,256,False
FILL_0224,Fill,2025-08-12T18:07:00.560000,ORD_1754985600_7487,CLIENT_802322,Blackrock Asset Management,ASML.AS,Buy,FILL_SOR_ALGO_ORD_1754985600_7487_0160_IEX_00,61,650.8728108831764,IEX,100000,31004,68996,31.0,649.9556,224,256,False
FILL_0225,Fill,2025-08-12T18:07:00.690000,ORD_1754985600_7487,CLIENT_802322,Blackrock Asset Management,ASML.AS,Buy,FILL_SOR_ALGO_ORD_1754985600_7487_0160_BATS_01,61,650.133823094301,BATS,100000,31065,68935,31.06,649.956,225,256,False
FILL_0226,Fill,2025-08-12T18:17:00.139000,ORD_1754985600_7487,CLIENT_802322,Blackrock Asset Management,ASML.AS,Buy,FILL_SOR_ALGO_ORD_1754985600_7487_0164_BATS_02,46,648.6369954829132,BATS,100000,31111,68889,31.11,649.954,226,256,False
FILL_0227,Fill,2025-08-12T18:17:00.258000,ORD_1754985600_7487,CLIENT_802322,Blackrock Asset Management,ASML.AS,Buy,FILL_SOR_ALGO_ORD_1754985600_7487_0164_NASDAQ_01,190,647.6052570650978,NASDAQ,100000,31301,68699,31.3,649.9398,227,256,False
FILL_0228,Fill,2025-08-12T18:17:00.319000,ORD_1754985600_7487,CLIENT_802322,Blackrock Asset Management,ASML.AS,Buy,FILL_SOR_ALGO_ORD_1754985600_7487_0164_NASDAQ_02,192,647.5978704002105,NASDAQ,100000,31493,68507,31.49,649.9255,228,256,False
FILL_0229,Fill,2025-08-12T18:17:00.358000,ORD_1754985600_7487,CLIENT_802322,Blackrock Asset Management,ASML.AS,Buy,FILL_SOR_ALGO_ORD_1754985600_7487_0164_NASDAQ_00,190,647.6083924344792,NASDAQ,100000,31683,68317,31.68,649.9116,229,256,False
FILL_0230,Fill,2025-08-12T18:17:00.948000,ORD_1754985600_7487,CLIENT_802322,Blackrock Asset Management,ASML.AS,Buy,FILL_SOR_ALGO_ORD_1754985600_7487_0164_BATS_01,45,648.638810446474,BATS,100000,31728,68272,31.73,649.9098,230,256,False
FILL_0231,Fill,2025-08-12T18:17:00.990000,ORD_1754985600_7487,CLIENT_802322,Blackrock Asset Management,ASML.AS,Buy,FILL_SOR_ALGO_ORD_1754985600_7487_0164_BATS_00,45,648.6219573711254,BATS,100000,31773,68227,31.77,649.908,231,256,False
FILL_0232,Fill,2025-08-12T18:24:00.387000,ORD_1754985600_7487,CLIENT_802322,Blackrock Asset Management,ASML.AS,Buy,FILL_SOR_ALGO_ORD_1754985600_7487_0167_DarkPool_02,47,646.9765859244862,DarkPool,100000,31820,68180,31.82,649.9036,232,256,False
FILL_0233,Fill,2025-08-12T18:24:00.801000,ORD_1754985600_7487,CLIENT_802322,Blackrock Asset Management,ASML.AS,Buy,FILL_SOR_ALGO_ORD_1754985600_7487_0167_DarkPool_00,45,646.9788639314819,DarkPool,100000,31865,68135,31.86,649.8995,233,256,False
FILL_0234,Fill,2025-08-12T18:24:00.959000,ORD_1754985600_7487,CLIENT_802322,Blackrock Asset Management,ASML.AS,Buy,FILL_SOR_ALGO_ORD_1754985600_7487_0167_DarkPool_01,45,646.9633423141903,DarkPool,100000,31910,68090,31.91,649.8954,234,256,False
FILL_0235,Fill,2025-08-12T18:28:00.154000,ORD_1754985600_7487,CLIENT_802322,Blackrock Asset Management,ASML.AS,Buy,FILL_SOR_ALGO_ORD_1754985600_7487_0169_ARCA_00,112,649.3014498280082,ARCA,100000,32022,67978,32.02,649.8933,235,256,False
FILL_0236,Fill,2025-08-12T18:28:00.250000,ORD_1754985600_7487,CLIENT_802322,Blackrock Asset Management,ASML.AS,Buy,FILL_SOR_ALGO_ORD_1754985600_7487_0169_BATS_00,147,649.3131177698154,BATS,100000,32169,67831,32.17,649.8907,236,256,False
FILL_0237,Fill,2025-08-12T18:28:00.745000,ORD_1754985600_7487,CLIENT_802322,Blackrock Asset Management,ASML.AS,Buy,FILL_SOR_ALGO_ORD_1754985600_7487_0169_IEX_00,107,649.4490409157538,IEX,100000,32276,67724,32.28,649.8892,237,256,False
FILL_0238,Fill,2025-08-12T18:28:00.988000,ORD_1754985600_7487,CLIENT_802322,Blackrock Asset Management,ASML.AS,Buy,FILL_SOR_ALGO_ORD_1754985600_7487_0169_ARCA_01,113,649.3050025956359,ARCA,100000,32389,67611,32.39,649.8871,238,256,False
FILL_0239,Fill,2025-08-12T18:35:00.162000,ORD_1754985600_7487,CLIENT_802322,Blackrock Asset Management,ASML.AS,Buy,FILL_SOR_ALGO_ORD_1754985600_7487_0173_BATS_01,90,653.78327878263,BATS,100000,32479,67521,32.48,649.8979,239,256,False
FILL_0240,Fill,2025-08-12T18:35:00.276000,ORD_1754985600_7487,CLIENT_802322,Blackrock Asset Management,ASML.AS,Buy,FILL_SOR_ALGO_ORD_1754985600_7487_0173_BATS_00,89,653.7754097304947,BATS,100000,32568,67432,32.57,649.9085,240,256,False
FILL_0241,Fill,2025-08-12T18:35:00.307000,ORD_1754985600_7487,CLIENT_802322,Blackrock Asset Management,ASML.AS,Buy,FILL_SOR_ALGO_ORD_1754985600_7487_0173_ARCA_02,82,654.2246148910089,ARCA,100000,32650,67350,32.65,649.9194,241,256,False
FILL_0242,Fill,2025-08-12T18:35:00.500000,ORD_1754985600_7487,CLIENT_802322,Blackrock Asset Management,ASML.AS,Buy,FILL_SOR_ALGO_ORD_1754985600_7487_0173_IEX_00,32,651.9431019954203,IEX,100000,32682,67318,32.68,649.9214,242,256,False
FILL_0243,Fill,2025-08-12T18:35:00.511000,ORD_1754985600_7487,CLIENT_802322,Blackrock Asset Management,ASML.AS,Buy,FILL_SOR_ALGO_ORD_1754985600_7487_0173_IEX_01,32,651.9433975363296,IEX,100000,32714,67286,32.71,649.9233,243,256,False
FILL_0244,Fill,2025-08-12T18:35:00.530000,ORD_1754985600_7487,CLIENT_802322,Blackrock Asset Management,ASML.AS,Buy,FILL_SOR_ALGO_ORD_1754985600_7487_0173_ARCA_00,82,654.2333706211195,ARCA,100000,32796,67204,32.8,649.9341,244,256,False
FILL_0245,Fill,2025-08-12T18:35:00.812000,ORD_1754985600_7487,CLIENT_802322,Blackrock Asset Management,ASML.AS,Buy,FILL_SOR_ALGO_ORD_1754985600_7487_0173_DarkPool_00,147,651.381868489037,DarkPool,100000,32943,67057,32.94,649.9406,245,256,False
FILL_0246,Fill,2025-08-12T18:35:00.949000,ORD_1754985600_7487,CLIENT_802322,Blackrock Asset Management,ASML.AS,Buy,FILL_SOR_ALGO_ORD_1754985600_7487_0173_ARCA_01,82,654.2324408897415,ARCA,100000,33025,66975,33.02,649.9512,246,256,False
FILL_0247,Fill,2025-08-12T18:43:00.152000,ORD_1754985600_7487,CLIENT_802322,Blackrock Asset Management,ASML.AS,Buy,FILL_SOR_ALGO_ORD_1754985600_7487_0178_NYSE_01,335,648.6914854998042,NYSE,100000,33360,66640,33.36,649.9386,247,256,False
FILL_0248,Fill,2025-08-12T18:43:00.330000,ORD_1754985600_7487,CLIENT_802322,Blackrock Asset Management,ASML.AS,Buy,FILL_SOR_ALGO_ORD_1754985600_7487_0178_NASDAQ_00,438,652.2468925295971,NASDAQ,100000,33798,66202,33.8,649.9685,248,256,False
FILL_0249,Fill,2025-08-12T18:43:00.652000,ORD_1754985600_7487,CLIENT_802322,Blackrock Asset Management,ASML.AS,Buy,FILL_SOR_ALGO_ORD_1754985600_7487_0178_DarkPool_01,56,651.6032762377147,DarkPool,100000,33854,66146,33.85,649.9712,249,256,False
FILL_0250,Fill,2025-08-12T18:43:00.659000,ORD_1754985600_7487,CLIENT_802322,Blackrock Asset Management,ASML.AS,Buy,FILL_SOR_ALGO_ORD_1754985600_7487_0178_DarkPool_00,55,651.6135576827962,DarkPool,100000,33909,66091,33.91,649.9739,250,256,False
FILL_0251,Fill,2025-08-12T18:43:00.803000,ORD_1754985600_7487,CLIENT_802322,Blackrock Asset Management,ASML.AS,Buy,FILL_SOR_ALGO_ORD_1754985600_7487_0178_NYSE_00,335,648.6987040381334,NYSE,100000,34244,65756,34.24,649.9614,251,256,False
FILL_0252,Fill,2025-08-12T18:53:00.625000,ORD_1754985600_7487,CLIENT_802322,Blackrock Asset Management,ASML.AS,Buy,FILL_SOR_ALGO_ORD_1754985600_7487_0182_NYSE_00,220,652.6820230256886,NYSE,100000,34464,65536,34.46,649.9788,252,256,False
FILL_0253,Fill,2025-08-12T18:53:00.675000,ORD_1754985600_7487,CLIENT_802322,Blackrock Asset Management,ASML.AS,Buy,FILL_SOR_ALGO_ORD_1754985600_7487_0182_ARCA_00,160,648.0989260221754,ARCA,100000,34624,65376,34.62,649.9701,253,256,False
FILL_0254,Fill,2025-08-12T18:53:00.768000,ORD_1754985600_7487,CLIENT_802322,Blackrock Asset Management,ASML.AS,Buy,FILL_SOR_ALGO_ORD_1754985600_7487_0182_NASDAQ_02,63,650.1199992541947,NASDAQ,100000,34687,65313,34.69,649.9703,254,256,False
FILL_0255,Fill,2025-08-12T18:53:00.799000,ORD_1754985600_7487,CLIENT_802322,Blackrock Asset Management,ASML.AS,Buy,FILL_SOR_ALGO_ORD_1754985600_7487_0182_NASDAQ_00,61,650.1236485418474,NASDAQ,100000,34748,65252,34.75,649.9706,255,256,False
FILL_0256,Fill,2025-08-12T18:53:00.983000,ORD_1754985600_7487,CLIENT_802322,Blackrock Asset Management,ASML.AS,Buy,FILL_SOR_ALGO_ORD_1754985600_7487_0182_NASDAQ_01,61,650.114842093688,NASDAQ,100000,34809,65191,34.81,649.9709,256,256,False
